-- MariaDB dump 10.19  Distrib 10.4.28-MariaDB, for Win64 (AMD64)
--
-- Host: localhost    Database: library_card
-- ------------------------------------------------------
-- Server version	10.4.28-MariaDB

/*!40101 SET @OLD_CHARACTER_SET_CLIENT=@@CHARACTER_SET_CLIENT */;
/*!40101 SET @OLD_CHARACTER_SET_RESULTS=@@CHARACTER_SET_RESULTS */;
/*!40101 SET @OLD_COLLATION_CONNECTION=@@COLLATION_CONNECTION */;
/*!40101 SET NAMES utf8mb4 */;
/*!40103 SET @OLD_TIME_ZONE=@@TIME_ZONE */;
/*!40103 SET TIME_ZONE='+00:00' */;
/*!40014 SET @OLD_UNIQUE_CHECKS=@@UNIQUE_CHECKS, UNIQUE_CHECKS=0 */;
/*!40014 SET @OLD_FOREIGN_KEY_CHECKS=@@FOREIGN_KEY_CHECKS, FOREIGN_KEY_CHECKS=0 */;
/*!40101 SET @OLD_SQL_MODE=@@SQL_MODE, SQL_MODE='NO_AUTO_VALUE_ON_ZERO' */;
/*!40111 SET @OLD_SQL_NOTES=@@SQL_NOTES, SQL_NOTES=0 */;

--
-- Current Database: `library_card`
--

CREATE DATABASE /*!32312 IF NOT EXISTS*/ `library_card` /*!40100 DEFAULT CHARACTER SET utf8mb4 COLLATE utf8mb4_general_ci */;

USE `library_card`;

--
-- Table structure for table `books`
--

DROP TABLE IF EXISTS `books`;
/*!40101 SET @saved_cs_client     = @@character_set_client */;
/*!40101 SET character_set_client = utf8 */;
CREATE TABLE `books` (
  `id` char(5) NOT NULL,
  `name` varchar(255) DEFAULT NULL,
  `author` varchar(255) DEFAULT NULL,
  PRIMARY KEY (`id`)
) ENGINE=InnoDB DEFAULT CHARSET=utf8mb4 COLLATE=utf8mb4_general_ci;
/*!40101 SET character_set_client = @saved_cs_client */;

--
-- Dumping data for table `books`
--

LOCK TABLES `books` WRITE;
/*!40000 ALTER TABLE `books` DISABLE KEYS */;
INSERT INTO `books` VALUES ('B0011','カレーの作り方','山下達郎'),('B0012','HTMLCSSの本','Mana'),('B0013','JavaScript超入門','加納治五郎'),('C0013','空手入門','大山倍達');
/*!40000 ALTER TABLE `books` ENABLE KEYS */;
UNLOCK TABLES;

--
-- Table structure for table `lend_book`
--

DROP TABLE IF EXISTS `lend_book`;
/*!40101 SET @saved_cs_client     = @@character_set_client */;
/*!40101 SET character_set_client = utf8 */;
CREATE TABLE `lend_book` (
  `lending_id` char(4) NOT NULL,
  `books_id` char(5) NOT NULL,
  PRIMARY KEY (`lending_id`,`books_id`),
  KEY `bk_books` (`books_id`),
  CONSTRAINT `bk_books` FOREIGN KEY (`books_id`) REFERENCES `books` (`id`),
  CONSTRAINT `bk_lend` FOREIGN KEY (`lending_id`) REFERENCES `lending` (`id`)
) ENGINE=InnoDB DEFAULT CHARSET=utf8mb4 COLLATE=utf8mb4_general_ci;
/*!40101 SET character_set_client = @saved_cs_client */;

--
-- Dumping data for table `lend_book`
--

LOCK TABLES `lend_book` WRITE;
/*!40000 ALTER TABLE `lend_book` DISABLE KEYS */;
INSERT INTO `lend_book` VALUES ('L001','B0011'),('L001','B0012'),('L001','B0013'),('L002','C0013');
/*!40000 ALTER TABLE `lend_book` ENABLE KEYS */;
UNLOCK TABLES;

--
-- Table structure for table `lending`
--

DROP TABLE IF EXISTS `lending`;
/*!40101 SET @saved_cs_client     = @@character_set_client */;
/*!40101 SET character_set_client = utf8 */;
CREATE TABLE `lending` (
  `id` char(4) NOT NULL,
  `member_id` char(4) DEFAULT NULL,
  `lending_date` date DEFAULT NULL,
  `return_date` date DEFAULT NULL,
  PRIMARY KEY (`id`),
  KEY `fk_member` (`member_id`),
  CONSTRAINT `fk_member` FOREIGN KEY (`member_id`) REFERENCES `member` (`id`)
) ENGINE=InnoDB DEFAULT CHARSET=utf8mb4 COLLATE=utf8mb4_general_ci;
/*!40101 SET character_set_client = @saved_cs_client */;

--
-- Dumping data for table `lending`
--

LOCK TABLES `lending` WRITE;
/*!40000 ALTER TABLE `lending` DISABLE KEYS */;
INSERT INTO `lending` VALUES ('L001','m001','2024-04-02','2024-04-18'),('L002','m002','2024-04-02','2024-04-18');
/*!40000 ALTER TABLE `lending` ENABLE KEYS */;
UNLOCK TABLES;

--
-- Table structure for table `member`
--

DROP TABLE IF EXISTS `member`;
/*!40101 SET @saved_cs_client     = @@character_set_client */;
/*!40101 SET character_set_client = utf8 */;
CREATE TABLE `member` (
  `id` char(4) NOT NULL,
  `name` varchar(50) DEFAULT NULL,
  PRIMARY KEY (`id`)
) ENGINE=InnoDB DEFAULT CHARSET=utf8mb4 COLLATE=utf8mb4_general_ci;
/*!40101 SET character_set_client = @saved_cs_client */;

--
-- Dumping data for table `member`
--

LOCK TABLES `member` WRITE;
/*!40000 ALTER TABLE `member` DISABLE KEYS */;
INSERT INTO `member` VALUES ('m001','菅原文太'),('m002','千葉真一'),('m003','北大路欣也');
/*!40000 ALTER TABLE `member` ENABLE KEYS */;
UNLOCK TABLES;
/*!40103 SET TIME_ZONE=@OLD_TIME_ZONE */;

/*!40101 SET SQL_MODE=@OLD_SQL_MODE */;
/*!40014 SET FOREIGN_KEY_CHECKS=@OLD_FOREIGN_KEY_CHECKS */;
/*!40014 SET UNIQUE_CHECKS=@OLD_UNIQUE_CHECKS */;
/*!40101 SET CHARACTER_SET_CLIENT=@OLD_CHARACTER_SET_CLIENT */;
/*!40101 SET CHARACTER_SET_RESULTS=@OLD_CHARACTER_SET_RESULTS */;
/*!40101 SET COLLATION_CONNECTION=@OLD_COLLATION_CONNECTION */;
/*!40111 SET SQL_NOTES=@OLD_SQL_NOTES */;

-- Dump completed on 2024-04-03 10:34:05
